                  epoch,           train/box_om,           train/cls_om,           train/dfl_om,           train/box_oo,           train/cls_oo,           train/dfl_oo,   metrics/precision(B),      metrics/recall(B),       metrics/mAP50(B),    metrics/mAP50-95(B),             val/box_om,             val/cls_om,             val/dfl_om,             val/box_oo,             val/cls_oo,             val/dfl_oo,                 lr/pg0,                 lr/pg1,                 lr/pg2
                      1,                 1.3908,                 3.7213,                 1.2889,                 1.5503,                 7.7192,                 1.2425,                0.00976,                   0.75,                0.07528,                0.06466,                0.59567,                 3.0808,                  1.046,                0.99213,                  5.201,                 1.1623,              3.334e-05,              3.334e-05,              3.334e-05
                      2,                 1.3552,                 3.8872,                 1.1652,                  1.701,                 9.1568,                 1.1797,                0.01021,                   0.75,                 0.0649,                 0.0408,                0.63669,                 3.0554,                  1.019,                0.85312,                 5.1496,                 1.1088,             8.3267e-05,             8.3267e-05,             8.3267e-05
                      3,                 1.3856,                  3.532,                 1.5662,                 1.7997,                 7.5623,                 1.4871,                0.01044,                   0.75,                0.15747,                 0.1065,                0.49403,                 2.9783,                0.84802,                0.65663,                 5.0795,                0.88011,              0.0001331,              0.0001331,              0.0001331
                      4,                 1.1585,                 2.9297,                 1.2394,                 1.3155,                  6.202,                 1.1123,                0.01005,                   0.75,                0.51019,                0.48765,                0.48674,                  2.987,                0.83628,                0.70921,                 5.0913,                0.88907,             0.00018283,             0.00018283,             0.00018283
                      5,                0.87272,                 2.6208,                 1.1033,                 1.1482,                 7.5425,                 1.0697,                0.00984,                   0.75,                0.51792,                0.49094,                0.52893,                 3.0489,                0.88658,                0.77422,                 5.1074,                0.89108,             0.00023246,             0.00023246,             0.00023246
                      6,                 1.2289,                  2.382,                 1.2679,                 1.5053,                 6.4036,                 1.1642,                0.00975,                   0.75,                0.18751,                0.10976,                0.48439,                 3.0306,                0.89339,                0.89095,                 5.1639,                0.95963,             0.00028199,             0.00028199,             0.00028199
                      7,                 1.1764,                 3.2414,                 1.2709,                 1.3298,                 8.4207,                 1.1531,                0.00972,                   0.75,                0.03916,                  0.034,                0.52862,                 3.0459,                0.89697,                0.84585,                 5.1529,                0.92681,             0.00033142,             0.00033142,             0.00033142
                      8,                 1.1198,                 3.2917,                 1.2244,                 1.4307,                   7.56,                 1.1432,                0.00978,                   0.75,                0.03824,                0.03362,                0.51151,                 3.0301,                0.91767,                0.85549,                 5.1566,                0.93779,             0.00038075,             0.00038075,             0.00038075
                      9,                 1.2047,                 3.6787,                 1.1631,                 1.1544,                 10.218,                 1.0017,                0.00981,                   0.75,                0.27023,                0.23848,                0.59097,                 3.0447,                0.98521,                0.99159,                 5.2167,                 1.0623,             0.00042999,             0.00042999,             0.00042999
                     10,                 1.1734,                 2.6394,                 1.2366,                 1.2099,                 6.1991,                 1.1449,                0.01005,                   0.75,                0.29116,                0.24133,                0.75034,                 2.9855,                 0.9701,                0.85341,                 5.1516,                  1.033,             0.00047912,             0.00047912,             0.00047912
                     11,                 1.0775,                 2.7321,                 1.1405,                 1.1542,                 7.6963,                 1.0371,                0.01051,                   0.75,                0.50557,                0.22617,                0.72077,                 2.9395,                0.95153,                0.88869,                 5.1411,                0.87011,             0.00052816,             0.00052816,             0.00052816
                     12,                 1.2781,                  2.666,                 1.2521,                  1.604,                 6.4614,                 1.1251,                0.01051,                   0.75,                0.40773,                0.23933,                 0.7789,                 2.9311,                0.97255,                 1.0097,                 5.1622,                0.90839,              0.0005771,              0.0005771,              0.0005771
                     13,                 1.2802,                 2.3784,                 1.2523,                 1.4831,                 5.5563,                 1.1409,                0.00972,                   0.75,                0.30731,                0.19912,                 1.2004,                 3.1877,                 1.5826,                 1.3824,                 5.3331,                 1.2727,             0.00062593,             0.00062593,             0.00062593
                     14,                 1.2066,                 2.4561,                 1.2543,                 1.1773,                 6.7117,                 1.1122,                0.00973,                   0.75,                0.15226,                0.08611,                 1.2332,                 3.2732,                 1.4636,                 1.2001,                 5.2327,                 1.3345,             0.00067467,             0.00067467,             0.00067467
                     15,                 1.2378,                 2.9368,                 1.2465,                 1.5547,                   7.75,                 1.1245,                0.00973,                   0.75,                0.27229,                0.10219,                 1.0086,                  3.312,                 1.3226,                 1.1873,                 5.2188,                 1.5169,             0.00072331,             0.00072331,             0.00072331
                     16,                 1.5876,                 3.2906,                 1.6456,                 1.5501,                  7.221,                 1.4236,                0.00974,                   0.75,                0.28001,                0.07525,                 1.0993,                 3.1722,                 1.3809,                 1.2464,                 5.2445,                 1.4635,             0.00077186,             0.00077186,             0.00077186
                     17,                 1.4854,                 2.5911,                 1.4669,                 1.4553,                 5.2889,                 1.2439,                 0.0104,                   0.75,                0.33637,                0.19141,                  1.458,                 3.0424,                  1.583,                 1.1993,                 5.1413,                 1.4667,              0.0008203,              0.0008203,              0.0008203
                     18,                 1.2707,                 2.2384,                 1.3364,                  1.528,                 4.7651,                 1.2078,                0.01146,                   0.75,                0.42213,                0.18498,                  1.105,                 2.9295,                 1.4745,                 1.6067,                 5.3284,                  1.712,             0.00086864,             0.00086864,             0.00086864
                     19,                 1.2674,                 2.5262,                   1.31,                 1.4503,                 5.4287,                  1.224,                0.01017,                    0.5,                0.26913,                 0.0884,                 1.2517,                 3.0387,                 1.4569,                 1.4418,                 5.4642,                 1.7484,             0.00091688,             0.00091688,             0.00091688
                     20,                 1.0782,                 2.3026,                 1.0603,                 1.4093,                 6.0662,                0.99809,                 0.0124,                    0.5,                0.06946,                0.03287,                 1.2026,                 3.0712,                 1.4898,                 1.4936,                 5.5057,                 1.6024,             0.00096503,             0.00096503,             0.00096503
                     21,                 1.8748,                 3.4988,                 1.2998,                  1.851,                 7.1639,                 1.1833,                0.00951,                    0.5,                0.24992,                0.14651,                 1.1653,                 3.0064,                 1.7848,                 1.4768,                 5.5924,                 1.4769,              0.0010131,              0.0010131,              0.0010131
                     22,                  1.268,                 2.1686,                 1.2266,                 1.5816,                 5.3638,                 1.1902,                0.00673,                    0.5,                0.09412,                0.07381,                 1.2186,                 2.9574,                 2.1666,                 1.5003,                 5.2301,                 1.7458,               0.001061,               0.001061,               0.001061
                     23,                0.79333,                 6.8425,                0.80271,                 0.9612,                 7.7193,                0.77641,                0.00668,                    0.5,                0.25952,                0.14824,                 1.0392,                 2.5514,                 1.8967,                  1.136,                 5.0423,                 1.5806,              0.0011089,              0.0011089,              0.0011089
                     24,                 1.2014,                 2.6597,                 1.2632,                 1.4776,                 6.9837,                 1.2415,                0.00686,                    0.5,                0.25273,                0.23178,                 1.5982,                 2.7227,                 2.6108,                 1.1779,                 5.0842,                 1.6223,              0.0011566,              0.0011566,              0.0011566
                     25,                 1.1939,                 2.2664,                 1.1702,                 1.7453,                 5.4196,                 1.1662,                0.00743,                    0.5,                0.25339,                0.14188,                 1.5856,                  3.012,                  2.356,                 1.9437,                 5.6729,                 2.2081,              0.0012043,              0.0012043,              0.0012043
                     26,                 1.3701,                 2.3961,                 1.4534,                 1.2994,                  6.253,                 1.2834,                0.04505,                   0.25,                0.27875,                0.23572,                 1.5318,                 2.4197,                 1.9242,                 1.9339,                 5.6535,                 2.4141,              0.0012518,              0.0012518,              0.0012518
                     27,                 1.4092,                 2.5208,                 1.3906,                 1.4806,                 5.5012,                 1.2981,                0.00442,                    0.5,                0.05827,                0.00932,                  4.209,                 3.8776,                 19.768,                  3.616,                 7.2661,                 8.1998,              0.0012993,              0.0012993,              0.0012993
                     28,                 1.3483,                 2.3655,                  1.324,                  1.675,                 5.7479,                 1.4156,                0.01486,                    0.5,                0.03123,                 0.0099,                 4.3582,                 5.4591,                 38.899,                 3.3167,                 6.4908,                 9.4155,              0.0013466,              0.0013466,              0.0013466
                     29,                 1.5234,                 2.6605,                 1.3049,                 1.7025,                 7.0767,                 1.1942,                0.01486,                    0.5,                0.03123,                 0.0099,                 4.3582,                 5.4591,                 38.899,                 3.3167,                 6.4908,                 9.4155,              0.0013939,              0.0013939,              0.0013939
                     30,                 1.2955,                 2.7442,                 1.2787,                 1.2717,                 6.9909,                 1.2115,                 0.0022,                   0.25,                0.00594,                 0.0039,                 3.2999,                 6.3899,                 15.688,                  3.311,                 7.9823,                 19.348,               0.001441,               0.001441,               0.001441
                     31,                 1.7986,                 6.5677,                 1.3261,                 1.7549,                 7.5869,                 1.3101,                0.00556,                    0.5,                0.01228,                0.00546,                 4.1786,                 22.999,                 31.735,                 3.0262,                 9.4175,                 14.287,              0.0014881,              0.0014881,              0.0014881
                     32,                 1.6866,                 2.4392,                 1.4107,                 1.7861,                 4.8647,                 1.2392,                 0.0022,                   0.25,                0.00184,                0.00129,                 2.4996,                 23.414,                 16.904,                 3.1545,                 8.4775,                 9.2905,               0.001535,               0.001535,               0.001535
                     33,                 1.2492,                 2.0431,                 1.2834,                 1.3538,                 4.7097,                 1.3116,                 0.0022,                   0.25,                0.00184,                0.00129,                 2.4996,                 23.414,                 16.904,                 3.1545,                 8.4775,                 9.2905,              0.0015819,              0.0015819,              0.0015819
                     34,                 1.7846,                 2.6151,                 1.4852,                 1.6497,                 5.2642,                 1.4614,                0.00726,                    0.5,                0.01509,                0.01277,                 2.0208,                 18.742,                  10.76,                 1.9026,                 10.163,                 6.7536,              0.0016125,              0.0016125,              0.0016125
                     35,                  1.293,                  2.071,                  1.264,                  1.729,                 4.6923,                 1.2832,                0.24038,                    0.5,                0.14768,                0.13609,                 1.5376,                 6.9629,                 4.3018,                 1.9968,                 7.8523,                 3.2547,              0.0016125,              0.0016125,              0.0016125
                     36,                 1.4374,                 1.9582,                 1.3409,                 1.8426,                 4.6643,                  1.287,                0.10238,                0.70223,                0.13083,                0.10161,                 1.3253,                 5.4257,                 2.7685,                 1.4929,                 6.8234,                 2.0934,              0.0016109,              0.0016109,              0.0016109
                     37,                 1.5343,                 2.2131,                 1.4816,                 1.7106,                 4.8101,                 1.3871,                0.10238,                0.70223,                0.13083,                0.10161,                 1.3253,                 5.4257,                 2.7685,                 1.4929,                 6.8234,                 2.0934,              0.0016092,              0.0016092,              0.0016092
                     38,                 1.6213,                 2.1695,                 1.4977,                 1.7392,                 4.6638,                 1.2038,                0.79606,                   0.25,                0.33602,                0.28593,                 1.2784,                 3.5692,                 2.7554,                 1.9975,                  5.774,                 2.9721,              0.0016076,              0.0016076,              0.0016076
                     39,                 1.3237,                  2.066,                  1.284,                 1.7057,                 4.4718,                 1.2611,                0.38593,                0.60784,                0.66247,                0.47169,                 1.5586,                 2.3041,                 2.7315,                 1.8996,                 4.4319,                 2.6385,              0.0016059,              0.0016059,              0.0016059
                     40,                 1.3908,                 2.6106,                 1.3216,                 1.7021,                 5.4936,                  1.231,                0.00231,                   0.25,                 0.0023,                0.00046,                 3.8975,                 29.735,                 28.635,                  4.525,                 7.0728,                 48.506,              0.0016043,              0.0016043,              0.0016043
                     41,                 1.4316,                 2.2638,                 1.3589,                 1.8362,                 4.6764,                 1.2845,                0.00231,                   0.25,                 0.0023,                0.00046,                 3.8975,                 29.735,                 28.635,                  4.525,                 7.0728,                 48.506,              0.0016026,              0.0016026,              0.0016026
                     42,                 1.4887,                 2.1353,                 1.5198,                 1.7809,                  4.529,                 1.6277,                0.94727,                   0.25,                0.35669,                0.26674,                 1.2246,                 3.4346,                 2.0131,                 1.7904,                 4.5892,                   2.59,               0.001601,               0.001601,               0.001601
                     43,                 1.1046,                 1.8766,                 1.1769,                 1.4944,                  4.664,                 1.2231,                0.65626,                0.65059,                0.58062,                0.37423,                 1.0613,                  4.757,                 1.7469,                 1.7061,                 6.4707,                 3.3028,              0.0015993,              0.0015993,              0.0015993
                     44,                 1.3022,                 1.9689,                 1.3034,                 1.8186,                 4.1481,                  1.394,                0.23905,                   0.75,                0.42263,                0.30913,                 1.0625,                 5.4321,                  1.431,                 1.4437,                 5.9773,                 2.0408,              0.0015977,              0.0015977,              0.0015977
                     45,                 1.2971,                 2.1863,                 1.3283,                 1.5994,                 4.2662,                 1.3227,                0.23905,                   0.75,                0.42263,                0.30913,                 1.0625,                 5.4321,                  1.431,                 1.4437,                 5.9773,                 2.0408,               0.001596,               0.001596,               0.001596
                     46,                 1.4196,                 2.0654,                 1.3883,                 1.8411,                 4.4611,                 1.4204,                0.08336,                    0.5,                0.18518,                0.13665,                 1.3241,                 6.1084,                 2.0775,                 1.4083,                 5.9333,                 1.6411,              0.0015944,              0.0015944,              0.0015944
                     47,                 1.3874,                 2.1755,                  1.363,                 1.8695,                 4.3066,                 1.3834,                0.15952,                   0.25,                0.27609,                0.21202,                 1.4562,                 11.628,                 3.4183,                 1.8029,                 7.7476,                 2.1436,              0.0015927,              0.0015927,              0.0015927
                     48,                 1.2869,                 2.2699,                 1.3737,                 1.7243,                 4.5782,                 1.3174,                0.96608,                   0.25,                0.29945,                0.24812,                 1.6911,                 13.604,                 3.9551,                 1.2956,                  8.812,                 1.7076,              0.0015911,              0.0015911,              0.0015911
                     49,                 1.3808,                 2.3782,                 1.2663,                 1.8475,                 4.8805,                 1.3344,                0.96608,                   0.25,                0.29945,                0.24812,                 1.6911,                 13.604,                 3.9551,                 1.2956,                  8.812,                 1.7076,              0.0015894,              0.0015894,              0.0015894
                     50,                 1.6878,                 3.0221,                 1.9019,                 2.4088,                 5.3831,                 1.6095,                0.21402,                   0.25,                0.26018,                0.21264,                  1.567,                 12.363,                 2.2161,                 1.3562,                 8.3326,                 1.4556,              0.0015878,              0.0015878,              0.0015878
                     51,                 1.4207,                 2.8986,                 1.5638,                 1.7584,                 6.0738,                 1.5912,                0.74145,                   0.25,                0.13295,                0.12121,                 1.2218,                 11.594,                 1.5624,                 1.1962,                 8.1671,                 1.3454,              0.0015861,              0.0015861,              0.0015861
                     52,                 1.6244,                 2.2353,                 1.4007,                 1.8858,                 4.0516,                  1.426,                0.97914,                   0.25,                0.30287,                0.17674,                0.96952,                 3.0552,                 1.3874,                 1.8713,                  4.573,                 1.5631,              0.0015845,              0.0015845,              0.0015845
                     53,                  1.449,                 1.9724,                 1.3298,                 1.6829,                 4.0727,                 1.2802,                0.97914,                   0.25,                0.30287,                0.17674,                0.96952,                 3.0552,                 1.3874,                 1.8713,                  4.573,                 1.5631,              0.0015828,              0.0015828,              0.0015828
                     54,                 1.2865,                 2.2049,                 1.2614,                  1.547,                 4.5222,                 1.3111,                0.73608,                    0.5,                0.46576,                 0.3042,                 1.1367,                 3.0682,                  1.314,                 1.2614,                 3.5705,                 1.4795,              0.0015812,              0.0015812,              0.0015812
                     55,                  1.354,                 2.1563,                 1.3274,                 1.3894,                 4.8622,                 1.2228,                0.63136,                   0.25,                0.25792,                0.08909,                 1.4314,                 5.4873,                  1.333,                 1.6816,                   4.04,                 1.7373,              0.0015795,              0.0015795,              0.0015795
                     56,                 1.3766,                 2.1582,                 1.3379,                 1.7878,                 3.9563,                 1.3234,                 0.0034,                    0.5,                0.04363,                0.02803,                 2.0415,                 14.539,                 2.2521,                 2.0971,                 4.2188,                   1.92,              0.0015779,              0.0015779,              0.0015779
                     57,                 1.4332,                 2.4973,                 1.3444,                 1.7809,                 4.2777,                 1.3164,                 0.0034,                    0.5,                0.04363,                0.02803,                 2.0415,                 14.539,                 2.2521,                 2.0971,                 4.2188,                   1.92,              0.0015762,              0.0015762,              0.0015762
                     58,                 1.1706,                 1.7927,                 1.1916,                 1.4523,                 3.6109,                  1.252,                0.59526,                   0.25,                0.12418,                0.06421,                 2.3659,                 32.906,                  2.899,                 3.1124,                 4.7471,                 3.7529,              0.0015746,              0.0015746,              0.0015746
                     59,                 1.3076,                 1.8346,                 1.3243,                 1.4976,                 3.4401,                 1.2612,                 0.0036,                    0.5,                0.01999,                0.01277,                 2.0289,                 39.501,                 2.4915,                 2.5771,                 4.0022,                 2.4482,              0.0015729,              0.0015729,              0.0015729
                     60,                 1.3929,                  1.895,                 1.2395,                 2.0042,                 3.3434,                  1.237,                0.62629,                   0.25,                0.24794,                0.20551,                 1.9069,                 33.067,                 2.3178,                 3.0202,                 3.6255,                 3.5297,              0.0015713,              0.0015713,              0.0015713
                     61,                 1.1972,                 1.9763,                 1.2553,                 1.3603,                 4.3701,                 1.1669,                0.62629,                   0.25,                0.24794,                0.20551,                 1.9069,                 33.067,                 2.3178,                 3.0202,                 3.6255,                 3.5297,              0.0015696,              0.0015696,              0.0015696
                     62,                 1.2073,                 1.7227,                 1.2863,                 1.5045,                 3.2748,                 1.3179,                0.66487,                   0.25,                0.24793,                0.15718,                 2.5606,                 19.043,                 3.2089,                 3.2565,                  3.994,                 3.4201,               0.001568,               0.001568,               0.001568
                     63,                 1.3884,                  1.971,                 1.3895,                 1.6068,                  3.117,                  1.307,                0.65684,                   0.25,                0.24794,                 0.1807,                 2.8218,                 4.9736,                 3.2422,                 2.9998,                 3.8794,                 2.7991,              0.0015663,              0.0015663,              0.0015663
                     64,                  1.305,                 1.7747,                 1.2168,                 1.5433,                 3.4841,                 1.3333,                0.00186,                   0.25,                0.24797,                0.13232,                 3.3654,                 3.8317,                 3.6755,                 2.7227,                 3.9912,                 2.4578,              0.0015647,              0.0015647,              0.0015647
                     65,                 1.3726,                   1.78,                 1.3245,                 1.5616,                 3.8156,                 1.3138,                0.00186,                   0.25,                0.24797,                0.13232,                 3.3654,                 3.8317,                 3.6755,                 2.7227,                 3.9912,                 2.4578,               0.001563,               0.001563,               0.001563
                     66,                  1.306,                 1.6504,                 1.2312,                 1.9323,                 3.2135,                 1.2475,                0.00238,                   0.25,                0.06248,                0.05623,                  3.177,                 3.2933,                 3.8349,                 3.2874,                 4.0468,                 2.8449,              0.0015614,              0.0015614,              0.0015614
                     67,                 1.4061,                 2.0423,                 1.3485,                 1.7938,                 3.7384,                 1.4601,                0.15567,                   0.25,                0.25636,                0.22419,                  2.429,                 3.6146,                 2.4489,                  2.817,                 3.7524,                 2.7746,              0.0015597,              0.0015597,              0.0015597
                     68,                 1.2128,                 1.6602,                 1.1591,                 1.6696,                 2.9906,                 1.1723,                0.39603,                   0.25,                0.26071,                 0.2546,                 1.1126,                 3.4365,                 1.4994,                 1.9194,                 3.3862,                 1.6989,              0.0015581,              0.0015581,              0.0015581
                     69,                 1.4592,                 1.8902,                 1.4735,                 1.6297,                 3.1759,                 1.4264,                0.39603,                   0.25,                0.26071,                 0.2546,                 1.1126,                 3.4365,                 1.4994,                 1.9194,                 3.3862,                 1.6989,              0.0015564,              0.0015564,              0.0015564
                     70,                 1.4372,                 1.9431,                 1.3686,                 1.7436,                 3.3004,                 1.4455,                0.42686,                    0.5,                  0.343,                 0.2666,                 1.0563,                 3.4163,                 1.3057,                  1.603,                 3.5895,                 1.3727,              0.0015548,              0.0015548,              0.0015548
                     71,                 1.5031,                 4.0328,                 1.3431,                 1.4746,                 4.3046,                 1.1313,                0.33283,                    0.5,                0.52102,                0.39808,                 1.2072,                 4.9654,                 1.4415,                 1.4759,                 6.5046,                 1.4954,              0.0015531,              0.0015531,              0.0015531
                     72,                 1.3306,                 1.7109,                 1.3687,                 1.7074,                 2.8603,                 1.3019,                0.20569,                    0.5,                0.56226,                0.44774,                 1.2742,                 10.079,                 1.6987,                  1.072,                 10.906,                 1.4218,              0.0015515,              0.0015515,              0.0015515
                     73,                0.81769,                 4.8608,                0.81861,                 1.0031,                  3.375,                0.83392,                0.20569,                    0.5,                0.56226,                0.44774,                 1.2742,                 10.079,                 1.6987,                  1.072,                 10.906,                 1.4218,              0.0015498,              0.0015498,              0.0015498
                     74,                 1.2125,                 1.5812,                  1.145,                 1.4557,                 2.8516,                 1.1862,                 0.3983,                    0.5,                0.58466,                0.43752,                 1.4764,                 8.1997,                 1.8432,                 1.4984,                 6.2418,                 1.6348,              0.0015482,              0.0015482,              0.0015482
                     75,                 1.4338,                 1.8919,                  1.256,                  1.725,                 2.9797,                 1.2991,                0.24791,                    0.5,                0.62538,                0.43706,                 1.4485,                 4.7549,                  1.749,                 1.3664,                 3.1399,                 2.0121,              0.0015465,              0.0015465,              0.0015465
                     76,                  1.484,                 1.8066,                 1.4095,                  1.708,                 3.2177,                 1.5106,                      1,                0.49708,                0.52894,                0.41962,                  1.207,                 2.8216,                 1.3429,                 1.9009,                 2.8998,                 1.5247,              0.0015449,              0.0015449,              0.0015449
                     77,                 1.4041,                 1.7517,                 1.2457,                 1.9253,                 3.0265,                 1.2113,                      1,                0.49708,                0.52894,                0.41962,                  1.207,                 2.8216,                 1.3429,                 1.9009,                 2.8998,                 1.5247,              0.0015432,              0.0015432,              0.0015432
                     78,                 1.0944,                 1.9901,                 1.1664,                 1.1835,                 3.5097,                 1.0973,                0.73383,                    0.5,                0.39518,                 0.2921,                 1.2467,                 3.6438,                 1.3644,                 1.7668,                 3.5663,                 1.5024,              0.0015416,              0.0015416,              0.0015416
                     79,                 1.3492,                  1.792,                 1.3835,                 1.5552,                 2.9825,                 1.4139,                      1,                0.47386,                0.50472,                0.42172,                 1.3765,                 3.4807,                 1.3921,                 1.9278,                 3.2944,                 1.6661,              0.0015399,              0.0015399,              0.0015399
                     80,                  1.384,                 1.7512,                 1.3912,                 1.4238,                 3.3318,                 1.2366,                0.97207,                    0.5,                0.50128,                0.41164,                 1.3265,                 2.2878,                  1.355,                 2.1915,                 2.8125,                 1.9828,              0.0015383,              0.0015383,              0.0015383
                     81,                 1.2185,                 1.7313,                 1.3222,                 1.7451,                 2.9564,                 1.3373,                0.97207,                    0.5,                0.50128,                0.41164,                 1.3265,                 2.2878,                  1.355,                 2.1915,                 2.8125,                 1.9828,              0.0015366,              0.0015366,              0.0015366
                     82,                 1.3491,                 1.7022,                 1.2683,                 1.8214,                 2.7727,                 1.2893,                      1,                0.47789,                0.49987,                0.41845,                 1.2423,                  1.768,                 1.4036,                 2.0821,                 2.6301,                 1.6607,               0.001535,               0.001535,               0.001535
                     83,                  1.467,                 1.8252,                 1.3472,                 1.6585,                 2.6671,                 1.4474,                0.79622,                    0.5,                0.42951,                0.35553,                0.99763,                 1.7406,                 1.2436,                 1.6413,                 2.6292,                  1.494,              0.0015333,              0.0015333,              0.0015333
                     84,                 1.4987,                 2.6989,                 1.5362,                  2.024,                  4.014,                 1.6319,                0.83136,                0.49408,                0.42314,                0.32072,                  1.089,                 1.9499,                 1.2476,                 1.7981,                 2.7463,                 1.4044,              0.0015317,              0.0015317,              0.0015317
                     85,                 1.2707,                 1.7573,                 1.2324,                 1.4561,                 2.7232,                 1.2493,                0.83136,                0.49408,                0.42314,                0.32072,                  1.089,                 1.9499,                 1.2476,                 1.7981,                 2.7463,                 1.4044,                0.00153,                0.00153,                0.00153
                     86,                 1.2348,                 1.6877,                 1.2493,                 1.4678,                 2.7985,                 1.3578,                0.32512,                0.47537,                0.42308,                0.30947,                 1.1838,                 1.8782,                 1.2099,                 1.5575,                 3.0115,                 1.3708,              0.0015284,              0.0015284,              0.0015284
                     87,                 1.4409,                 1.8145,                 1.3191,                 1.7082,                 2.7936,                 1.2728,                0.32638,                0.47914,                 0.4233,                0.25772,                  1.136,                 2.4151,                 1.2245,                 1.4118,                 3.0493,                 1.2984,              0.0015267,              0.0015267,              0.0015267
                     88,                 1.2775,                 1.6429,                 1.2395,                 1.6071,                  2.498,                 1.2512,                0.74764,                   0.25,                0.28063,                0.23849,                 1.2234,                 4.2491,                 1.3726,                 1.1877,                 3.4533,                 1.1645,              0.0015251,              0.0015251,              0.0015251
                     89,                 1.0619,                 1.4352,                 1.1542,                 1.4699,                 2.4801,                 1.1792,                0.74764,                   0.25,                0.28063,                0.23849,                 1.2234,                 4.2491,                 1.3726,                 1.1877,                 3.4533,                 1.1645,              0.0015234,              0.0015234,              0.0015234
                     90,                 1.3028,                 1.6603,                 1.2962,                 1.5312,                 2.6237,                 1.3162,                0.33213,                    0.5,                0.33216,                 0.2774,                  1.333,                 5.1614,                 1.4789,                 1.1379,                 3.5887,                 1.1185,              0.0015218,              0.0015218,              0.0015218
                     91,                 1.9707,                 2.3742,                  1.502,                  2.088,                 2.7029,                 1.3189,                0.35848,                    0.5,                0.59557,                0.35928,                0.94994,                 3.2759,                 1.1507,                  1.171,                 2.9738,                 1.0509,              0.0015201,              0.0015201,              0.0015201
                     92,                 1.1657,                 1.3597,                 1.1897,                 1.5977,                 2.1875,                 1.2749,                0.52592,                 0.4851,                0.54146,                0.43125,                 1.1148,                 2.9556,                  1.233,                  1.447,                 2.6241,                  1.268,              0.0015185,              0.0015185,              0.0015185
                     93,                 1.2302,                 1.6131,                 1.2934,                 1.5255,                 2.4927,                  1.327,                0.52592,                 0.4851,                0.54146,                0.43125,                 1.1148,                 2.9556,                  1.233,                  1.447,                 2.6241,                  1.268,              0.0015168,              0.0015168,              0.0015168
                     94,                 1.3027,                 1.6157,                 1.1845,                 1.8294,                 2.3608,                 1.1659,                0.54727,                0.72085,                0.53753,                0.46846,                 1.1833,                 2.7244,                 1.3369,                 1.4145,                 2.8031,                 1.2227,              0.0015152,              0.0015152,              0.0015152
                     95,                0.91743,                 1.6885,                  1.159,                 1.2069,                 2.8761,                 1.1575,                0.56493,                0.67214,                0.55349,                0.46484,                 1.2402,                 2.4431,                 1.3846,                 1.4704,                 2.6154,                 1.2972,              0.0015135,              0.0015135,              0.0015135
                     96,                 1.3392,                 1.5185,                 1.2577,                 1.4091,                 2.3402,                 1.1985,                0.36349,                0.51398,                 0.5056,                0.40106,                 1.1799,                 1.7036,                 1.4296,                 1.4507,                 2.4745,                 1.3263,              0.0015119,              0.0015119,              0.0015119
                     97,                 1.3281,                 1.9132,                 1.2421,                 1.7765,                  2.805,                 1.1972,                0.36349,                0.51398,                 0.5056,                0.40106,                 1.1799,                 1.7036,                 1.4296,                 1.4507,                 2.4745,                 1.3263,              0.0015102,              0.0015102,              0.0015102
                     98,                 1.3185,                 1.5466,                 1.2882,                 1.6002,                 2.2442,                  1.187,                0.69753,                0.72292,                0.63034,                0.50125,                0.92468,                   1.59,                 1.2922,                 1.4194,                 2.1518,                 1.5954,              0.0015086,              0.0015086,              0.0015086
                     99,                 1.2567,                 1.8043,                 1.3007,                 1.4354,                  2.589,                 1.4757,                0.80798,                0.56827,                0.74821,                0.58127,                0.95011,                 1.5437,                 1.3513,                 1.3875,                 2.1459,                 1.6472,              0.0015069,              0.0015069,              0.0015069
                    100,                 1.1852,                 1.5023,                  1.262,                 1.4773,                 2.3803,                 1.2585,                0.59648,                    0.5,                0.62365,                0.54039,                0.96722,                 1.3521,                  1.291,                 1.4779,                 2.0249,                 1.8848,              0.0015053,              0.0015053,              0.0015053
                    101,                  1.019,                 1.6763,                 1.1602,                 1.4444,                 2.6332,                 1.2393,                0.59648,                    0.5,                0.62365,                0.54039,                0.96722,                 1.3521,                  1.291,                 1.4779,                 2.0249,                 1.8848,              0.0015036,              0.0015036,              0.0015036
                    102,                 1.1651,                 1.5192,                 1.2175,                 1.3436,                  2.732,                 1.1939,                0.45625,                    0.5,                0.59935,                0.51114,                 1.0317,                 1.4766,                 1.3479,                 1.5367,                 1.9692,                 1.9153,               0.001502,               0.001502,               0.001502
                    103,                 1.1129,                 1.3692,                 1.2164,                 1.3181,                 2.3533,                 1.2481,                0.51825,                   0.75,                0.62455,                 0.5275,                 1.0505,                 1.5802,                 1.4313,                 1.6283,                 2.5398,                  1.836,              0.0015003,              0.0015003,              0.0015003
                    104,                 1.0974,                 1.4685,                 1.1415,                 1.3374,                 2.2943,                 1.0763,                0.81818,                    0.5,                0.66842,                0.54003,                 1.0498,                 1.9331,                 1.4867,                 1.8086,                  2.104,                  2.045,              0.0014987,              0.0014987,              0.0014987
                    105,                 1.1641,                 2.1891,                 1.2223,                 1.5136,                 3.2036,                 1.1244,                0.81818,                    0.5,                0.66842,                0.54003,                 1.0498,                 1.9331,                 1.4867,                 1.8086,                  2.104,                  2.045,               0.001497,               0.001497,               0.001497
                    106,                 1.1155,                 1.2845,                 1.1317,                 1.4956,                 1.9497,                 1.1802,                0.97793,                    0.5,                0.58543,                0.50456,                0.95812,                 2.5478,                 1.3863,                 1.7151,                 2.4815,                 2.0338,              0.0014954,              0.0014954,              0.0014954
                    107,                 1.6664,                 2.2493,                  1.666,                 1.8311,                 3.2744,                 1.5831,                0.74299,                    0.5,                0.45243,                0.36678,                0.90464,                 3.0131,                  1.356,                 1.4818,                 2.7901,                 1.8442,              0.0014937,              0.0014937,              0.0014937
                    108,                0.82684,                 2.5378,                0.85011,                 1.1727,                   2.22,                0.87438,                0.97042,                    0.5,                0.52798,                0.45538,                0.97406,                 2.7705,                 1.4866,                 1.5308,                 2.4414,                 1.9219,              0.0014921,              0.0014921,              0.0014921
                    109,                 1.2324,                 1.3443,                 1.1488,                 1.3633,                 2.3555,                 1.1591,                0.97042,                    0.5,                0.52798,                0.45538,                0.97406,                 2.7705,                 1.4866,                 1.5308,                 2.4414,                 1.9219,              0.0014904,              0.0014904,              0.0014904
                    110,                 1.4204,                 1.5034,                 1.2694,                 1.6833,                 2.2692,                 1.2117,                      1,                0.48093,                0.56211,                0.46765,                 1.0556,                 2.6405,                  1.593,                 1.4863,                 2.1446,                 2.0707,              0.0014888,              0.0014888,              0.0014888
                    111,                 1.1584,                 1.3198,                 1.2104,                 1.5804,                 2.0759,                 1.2506,                      1,                0.49354,                0.62446,                0.49235,                 1.0234,                  1.647,                 1.5154,                 1.4986,                 1.9322,                 2.0744,              0.0014871,              0.0014871,              0.0014871
                    112,                 1.2145,                 1.4706,                 1.2446,                 1.4557,                 2.3066,                 1.3559,                0.36025,                   0.75,                0.74946,                0.53568,                0.99791,                 1.2702,                 1.3884,                 1.4909,                 1.8075,                 1.9909,              0.0014855,              0.0014855,              0.0014855
                    113,                  1.032,                 1.8206,                 1.1698,                 1.3185,                 2.6156,                 1.1686,                0.36025,                   0.75,                0.74946,                0.53568,                0.99791,                 1.2702,                 1.3884,                 1.4909,                 1.8075,                 1.9909,              0.0014838,              0.0014838,              0.0014838
                    114,                 1.0586,                 1.2403,                 1.0888,                 1.4303,                 1.8397,                 1.1778,                0.42956,                0.74799,                0.62713,                0.46305,                 1.0778,                 1.2123,                 1.3455,                 1.5643,                 1.9349,                 1.9221,              0.0014822,              0.0014822,              0.0014822
                    115,                  1.205,                 2.0033,                 1.1707,                 1.6683,                 2.9717,                 1.1845,                0.81688,                    0.5,                0.48437,                0.36542,                 1.0568,                 1.2273,                 1.2367,                  1.724,                 2.1618,                 1.6982,              0.0014805,              0.0014805,              0.0014805
                    116,                 1.1592,                 1.4006,                 1.1981,                 1.6423,                 2.2934,                 1.2842,                 0.9727,                    0.5,                0.53934,                0.42331,                0.92728,                 1.0632,                  1.187,                 1.8805,                 1.5681,                 1.8262,              0.0014789,              0.0014789,              0.0014789
                    117,                 1.1026,                   1.18,                 1.1374,                 1.7561,                 1.8683,                 1.1739,                 0.9727,                    0.5,                0.53934,                0.42331,                0.92728,                 1.0632,                  1.187,                 1.8805,                 1.5681,                 1.8262,              0.0014772,              0.0014772,              0.0014772
                    118,                 1.1222,                 1.5768,                 1.1038,                 1.4438,                 1.9559,                 1.1211,                0.98263,                    0.5,                0.52562,                0.41531,                0.91582,                0.98703,                 1.2101,                 1.6942,                 1.7616,                 1.6107,              0.0014756,              0.0014756,              0.0014756
                    119,                 1.0981,                 1.6262,                 1.1768,                 1.6831,                 2.3594,                 1.2891,                0.96577,                    0.5,                0.51716,                0.41703,                0.93944,                0.93707,                 1.1462,                 1.7344,                 1.8483,                 1.5675,              0.0014739,              0.0014739,              0.0014739
                    120,                 1.0618,                 1.2587,                 1.2349,                 1.5412,                 2.0068,                 1.1597,                 0.9715,                    0.5,                0.58795,                0.42004,                0.98271,                 1.1087,                 1.1453,                 1.6328,                  1.991,                 1.5928,              0.0014723,              0.0014723,              0.0014723
                    121,                 1.2029,                 1.5745,                 1.2275,                 1.4141,                 2.2582,                 1.2205,                 0.9715,                    0.5,                0.58795,                0.42004,                0.98271,                 1.1087,                 1.1453,                 1.6328,                  1.991,                 1.5928,              0.0014706,              0.0014706,              0.0014706
                    122,                 1.1623,                 1.2553,                 1.1691,                 1.5433,                 1.7799,                  1.264,                0.95647,                    0.5,                0.54769,                0.42095,                 0.9929,                 1.7109,                  1.196,                 1.8298,                 2.0167,                 1.7047,               0.001469,               0.001469,               0.001469
                    123,                 1.2376,                 1.6362,                 1.1383,                 1.7036,                 2.1411,                 1.2152,                0.44753,                   0.75,                0.58067,                0.43432,                 1.0454,                  2.725,                 1.2317,                 1.8512,                 2.1892,                 1.7685,              0.0014673,              0.0014673,              0.0014673
                    124,                 1.3083,                  1.296,                 1.2287,                 1.5709,                 2.0627,                 1.1937,                 0.4845,                   0.75,                0.58065,                0.45041,                 1.0254,                 2.9934,                 1.2746,                 1.6792,                 2.0596,                 1.7213,              0.0014657,              0.0014657,              0.0014657
                    125,                 1.0945,                 1.3075,                 1.1857,                 1.6322,                 1.8798,                 1.1757,                 0.4845,                   0.75,                0.58065,                0.45041,                 1.0254,                 2.9934,                 1.2746,                 1.6792,                 2.0596,                 1.7213,               0.001464,               0.001464,               0.001464
                    126,                 1.1484,                 1.3273,                 1.1881,                  1.553,                 1.8863,                 1.1535,                0.51662,                   0.75,                0.74564,                0.48657,                0.97851,                   2.85,                 1.2007,                 1.6249,                 1.9524,                 1.6986,              0.0014624,              0.0014624,              0.0014624
                    127,                 1.2543,                 1.5201,                 1.1663,                 1.6444,                 1.8439,                 1.1603,                0.67265,                   0.75,                0.74568,                0.45864,                 1.0431,                 2.5527,                 1.2645,                 1.5863,                 2.2716,                 1.6902,              0.0014607,              0.0014607,              0.0014607
                    128,                  1.143,                 1.2652,                 1.1646,                 1.5416,                 1.7328,                 1.1691,                0.63875,                   0.75,                0.66466,                0.42648,                 1.0383,                 2.2205,                 1.2416,                 1.5851,                 1.8015,                 1.6795,              0.0014591,              0.0014591,              0.0014591
                    129,                  1.276,                 1.4576,                 1.2994,                 1.6469,                 2.1116,                 1.3315,                0.63875,                   0.75,                0.66466,                0.42648,                 1.0383,                 2.2205,                 1.2416,                 1.5851,                 1.8015,                 1.6795,              0.0014574,              0.0014574,              0.0014574
                    130,                0.97241,                 1.0513,                  1.118,                 1.1914,                 1.5875,                 1.2138,                0.62638,                   0.75,                0.66526,                 0.5005,                0.89261,                 1.9199,                 1.0815,                 1.5649,                 1.5647,                 1.6811,              0.0014558,              0.0014558,              0.0014558
                    131,                 1.1293,                 1.2859,                 1.1861,                 1.5312,                  1.928,                 1.1443,                 0.7042,                0.63472,                0.66514,                0.50048,                0.86184,                 1.6408,                 1.0579,                 1.4084,                 1.4357,                 1.6217,              0.0014541,              0.0014541,              0.0014541
                    132,                0.94586,                 1.0956,                 1.0377,                 1.4975,                 1.6382,                 1.1203,                0.76758,                    0.5,                0.66235,                 0.5069,                0.85655,                 1.2682,                 1.0508,                 1.3659,                 1.3617,                 1.6223,              0.0014525,              0.0014525,              0.0014525
                    133,                 1.7503,                 2.0142,                 1.5342,                 1.9184,                 2.4535,                 1.3355,                0.76758,                    0.5,                0.66235,                 0.5069,                0.85655,                 1.2682,                 1.0508,                 1.3659,                 1.3617,                 1.6223,              0.0014508,              0.0014508,              0.0014508
                    134,                 1.0538,                 1.0328,                 1.1321,                  1.531,                 1.5933,                  1.162,                0.66108,                 0.6596,                0.75149,                0.58354,                0.93007,                0.96748,                 1.0856,                 1.3956,                 1.3688,                 1.6273,              0.0014492,              0.0014492,              0.0014492
                    135,                 1.2916,                 1.2774,                 1.1245,                 1.6292,                 1.8106,                 1.1984,                0.57796,                   0.75,                0.75246,                 0.6083,                0.88715,                0.84968,                  1.093,                 1.5229,                 1.7823,                 1.5253,              0.0014475,              0.0014475,              0.0014475
                    136,                0.99767,                 1.3312,                 1.0312,                  1.215,                 1.9211,                 1.0185,                0.86379,                0.66139,                0.76167,                0.60703,                0.89306,                0.76565,                 1.1198,                 1.4842,                 1.4887,                 1.5173,              0.0014459,              0.0014459,              0.0014459
                    137,                0.77104,                 1.7781,                0.82211,                 1.1033,                 1.6969,                 0.8205,                0.86379,                0.66139,                0.76167,                0.60703,                0.89306,                0.76565,                 1.1198,                 1.4842,                 1.4887,                 1.5173,              0.0014442,              0.0014442,              0.0014442
                    138,                 1.1221,                 1.2109,                 1.1829,                 1.5214,                 1.7999,                 1.2502,                0.73733,                 0.7059,                0.78667,                0.62405,                0.89205,                0.84747,                 1.0922,                 1.4223,                 1.4809,                 1.4578,              0.0014426,              0.0014426,              0.0014426
                    139,                 1.3137,                 1.2347,                 1.1534,                 1.7735,                 1.6934,                 1.1516,                0.70894,                0.71439,                0.63125,                0.56059,                0.85867,                0.87055,                 1.0872,                  1.334,                 1.5233,                 1.3925,              0.0014409,              0.0014409,              0.0014409
                    140,                  1.279,                 1.3069,                 1.2941,                 1.5737,                 1.7645,                 1.1915,                0.68781,                   0.75,                0.62181,                0.56793,                0.82448,                0.93597,                 1.0696,                 1.3987,                 1.5016,                 1.4089,              0.0014393,              0.0014393,              0.0014393
                    141,                 1.1877,                 1.3443,                 1.2583,                 1.5824,                 2.0595,                 1.3184,                0.68781,                   0.75,                0.62181,                0.56793,                0.82448,                0.93597,                 1.0696,                 1.3987,                 1.5016,                 1.4089,              0.0014376,              0.0014376,              0.0014376
                    142,                 1.2403,                 1.1922,                 1.2396,                 1.4523,                 1.9912,                 1.1391,                0.58456,                0.72339,                 0.6218,                 0.5432,                0.78728,                0.96863,                 1.0814,                 1.2762,                 1.5646,                 1.2853,               0.001436,               0.001436,               0.001436
                    143,                0.90684,                0.99033,                 1.0281,                 1.2344,                  1.363,                 1.0446,                 0.4745,                0.74598,                0.62181,                0.55825,                0.79933,                0.94146,                 1.0921,                 1.4569,                 1.3007,                  1.279,              0.0014343,              0.0014343,              0.0014343
                    144,                 1.0522,                  1.078,                 1.1125,                 1.5522,                 1.7308,                 1.0819,                0.99153,                    0.5,                0.62182,                0.55047,                0.82086,                 0.9615,                 1.0261,                 1.4081,                 1.3751,                 1.2112,              0.0014327,              0.0014327,              0.0014327
                    145,                 1.0664,                 1.0454,                 1.1473,                 1.3454,                 1.6426,                 1.2218,                0.99153,                    0.5,                0.62182,                0.55047,                0.82086,                 0.9615,                 1.0261,                 1.4081,                 1.3751,                 1.2112,               0.001431,               0.001431,               0.001431
                    146,                 1.1474,                  1.237,                 1.1742,                 1.4084,                 1.8995,                  1.204,                0.98417,                    0.5,                0.62177,                0.55152,                0.79623,                0.95254,                0.99181,                 1.3316,                 1.5598,                 1.1373,              0.0014294,              0.0014294,              0.0014294
                    147,                 1.1749,                 1.1847,                 1.2812,                 1.3841,                 1.9997,                 1.1379,                 0.9779,                    0.5,                0.62178,                 0.5523,                0.73111,                0.98936,                0.95886,                 1.3072,                 1.6576,                  1.115,              0.0014277,              0.0014277,              0.0014277
                    148,                0.71905,                 1.7064,                0.77104,                0.94152,                 1.5334,                0.80029,                0.96091,                    0.5,                0.56004,                0.52485,                0.74543,                 1.1709,                0.97309,                 1.2526,                 1.8222,                 1.1163,              0.0014261,              0.0014261,              0.0014261
                    149,                 1.2657,                 1.3704,                 1.2934,                 1.6242,                 1.8317,                 1.1957,                0.96091,                    0.5,                0.56004,                0.52485,                0.74543,                 1.1709,                0.97309,                 1.2526,                 1.8222,                 1.1163,              0.0014244,              0.0014244,              0.0014244
                    150,                  1.158,                 1.2442,                 1.2295,                  1.339,                 1.9999,                 1.2729,                0.34284,                   0.75,                0.62649,                0.39044,                0.74711,                0.98764,                 1.0038,                 1.1831,                 1.9634,                 1.1187,              0.0014228,              0.0014228,              0.0014228
                    151,                 1.0296,                 1.2462,                 1.1644,                 1.3359,                 1.8184,                 1.1322,                      1,                0.46621,                0.58079,                0.48044,                0.76861,                0.97282,                 1.0193,                 1.2949,                 1.8205,                 1.1628,              0.0014211,              0.0014211,              0.0014211
                    152,                 1.1718,                 1.1042,                 1.1177,                 1.7792,                 1.6954,                 1.1437,                0.94534,                    0.5,                0.54773,                0.48322,                 0.7774,                 1.0473,                0.99724,                 1.2084,                 2.1066,                 1.1372,              0.0014195,              0.0014195,              0.0014195
                    153,                  2.205,                 3.2531,                 1.9355,                 1.7019,                 2.7025,                 1.0702,                0.94534,                    0.5,                0.54773,                0.48322,                 0.7774,                 1.0473,                0.99724,                 1.2084,                 2.1066,                 1.1372,              0.0014178,              0.0014178,              0.0014178
                    154,                 1.0688,                0.89584,                 1.1209,                 1.4146,                 1.4861,                 1.2522,                0.89614,                    0.5,                0.53949,                0.48024,                0.80365,                 1.1857,                 1.0027,                 1.0116,                 2.4517,                 1.0267,              0.0014161,              0.0014161,              0.0014161
                    155,                 1.1666,                 1.2094,                 1.1334,                 1.5298,                  1.938,                 1.0971,                0.73785,                    0.5,                0.43036,                0.40348,                0.82775,                 1.2897,                 0.9993,                0.88515,                 2.4405,                 0.9894,              0.0014145,              0.0014145,              0.0014145
                    156,                 1.1516,                 1.1549,                  1.085,                 1.6554,                 1.6312,                   1.18,                0.79946,                    0.5,                 0.5172,                0.49222,                0.85769,                 1.3812,                 1.0071,                  1.065,                 2.1198,                 1.3052,              0.0014128,              0.0014128,              0.0014128
                    157,                 1.1967,                 1.1669,                 1.1683,                 1.5415,                 1.9024,                 1.1553,                0.79946,                    0.5,                 0.5172,                0.49222,                0.85769,                 1.3812,                 1.0071,                  1.065,                 2.1198,                 1.3052,              0.0014112,              0.0014112,              0.0014112
                    158,                  0.925,                 1.0322,                 1.1106,                 1.2429,                 1.6482,                 1.1351,                      1,                0.46179,                0.53348,                0.45584,                0.86859,                 1.1696,                 1.0101,                 1.2156,                 1.8036,                 1.3877,              0.0014095,              0.0014095,              0.0014095
                    159,                 1.0422,                 1.2475,                  1.115,                  1.478,                 1.8977,                 1.2108,                      1,                0.48463,                0.54755,                0.47622,                0.85205,                 1.0907,                 1.0254,                 1.2004,                 1.6426,                 1.3518,              0.0014079,              0.0014079,              0.0014079
                    160,                  1.047,                0.95116,                 1.0465,                  1.573,                 1.4587,                 1.0393,                0.81669,                    0.5,                0.44563,                0.39905,                0.80683,                 1.2602,                 1.0116,                 1.2189,                  1.919,                 1.3158,              0.0014062,              0.0014062,              0.0014062
                    161,                 1.0369,                 1.1056,                 1.1865,                 1.3561,                 1.9876,                 1.1837,                0.81669,                    0.5,                0.44563,                0.39905,                0.80683,                 1.2602,                 1.0116,                 1.2189,                  1.919,                 1.3158,              0.0014046,              0.0014046,              0.0014046
                    162,                 1.7162,                 1.8794,                 2.0637,                 1.6519,                 1.7341,                 1.6867,                0.82038,                    0.5,                0.45548,                0.40092,                0.76083,                 1.2997,                 1.0158,                 1.4529,                 1.7152,                 1.3932,              0.0014029,              0.0014029,              0.0014029
                    163,                  2.467,                 2.1789,                 1.9536,                 1.4385,                 1.7358,                 1.1997,                0.33156,                    0.5,                0.45366,                0.40091,                0.77266,                 1.3827,                 1.0292,                 1.4544,                 1.7613,                 1.3463,              0.0014013,              0.0014013,              0.0014013
                    164,                 1.2462,                 1.2447,                 1.1946,                 1.7172,                 1.6038,                 1.2207,                0.33017,                0.49052,                 0.4525,                 0.4131,                 0.7801,                 1.3822,                  1.033,                 1.3974,                 2.0859,                  1.195,              0.0013996,              0.0013996,              0.0013996
                    165,                0.96386,                 1.1703,                 1.0611,                 1.5781,                 1.6824,                 1.2542,                0.33017,                0.49052,                 0.4525,                 0.4131,                 0.7801,                 1.3822,                  1.033,                 1.3974,                 2.0859,                  1.195,               0.001398,               0.001398,               0.001398
                    166,                 1.0432,                 1.2195,                 1.2225,                 1.4159,                 1.8879,                 1.2809,                0.29533,                0.51681,                0.50193,                0.45017,                0.80912,                 1.3181,                 1.0486,                 1.3236,                 1.9056,                 1.1829,              0.0013963,              0.0013963,              0.0013963
                    167,                 1.1001,                 1.2477,                 1.2045,                 1.4959,                 1.8379,                 1.2071,                0.28133,                0.64747,                0.43492,                0.38779,                0.85737,                 1.4471,                 1.0762,                 1.3972,                 1.6967,                 1.3025,              0.0013947,              0.0013947,              0.0013947
                    168,                 1.2044,                 1.2462,                 1.2181,                 1.7303,                  1.846,                 1.2517,                0.40644,                0.71346,                0.47657,                0.42942,                0.85034,                 1.4519,                 1.0906,                 1.3844,                   1.63,                 1.2905,               0.001393,               0.001393,               0.001393
                    169,                 1.0292,                 1.1247,                 1.0921,                  1.374,                 1.6768,                  1.153,                0.40644,                0.71346,                0.47657,                0.42942,                0.85034,                 1.4519,                 1.0906,                 1.3844,                   1.63,                 1.2905,              0.0013914,              0.0013914,              0.0013914
                    170,                 1.2802,                 1.3463,                 1.2399,                 1.6805,                 1.7953,                 1.1528,                0.41942,                0.72232,                0.49719,                0.41153,                0.87529,                 1.3372,                 1.0772,                 1.4248,                 1.4087,                 1.2905,              0.0013897,              0.0013897,              0.0013897
                    171,                 1.0731,                 1.0225,                 1.1201,                 1.3074,                 1.6308,                 1.1041,                0.32007,                   0.75,                0.49723,                   0.42,                0.82242,                 1.0879,                 1.0611,                 1.3583,                  1.245,                 1.3058,              0.0013881,              0.0013881,              0.0013881
                    172,                 1.0414,                 1.0614,                  1.147,                 1.4527,                 1.6038,                 1.2236,                 0.4405,                0.72781,                0.62184,                0.53205,                0.84142,                0.94851,                 1.0844,                  1.362,                  1.292,                 1.3421,              0.0013864,              0.0013864,              0.0013864
                    173,                 1.0635,                0.91361,                 1.0858,                 1.2424,                 1.4798,                 1.0895,                 0.4405,                0.72781,                0.62184,                0.53205,                0.84142,                0.94851,                 1.0844,                  1.362,                  1.292,                 1.3421,              0.0013848,              0.0013848,              0.0013848
                    174,                 1.1143,                 1.1557,                 1.2207,                 1.3859,                 2.0803,                 1.3795,                0.43352,                 0.7268,                0.62182,                0.52622,                0.88146,                0.89353,                 1.0819,                  1.296,                 1.2336,                 1.3455,              0.0013831,              0.0013831,              0.0013831
                    175,                 1.2497,                 1.2699,                 1.2835,                 1.3895,                 1.9773,                 1.2488,                0.43242,                0.69992,                0.62183,                0.53814,                0.93817,                0.95381,                 1.1203,                 1.2014,                  1.156,                 1.2846,              0.0013815,              0.0013815,              0.0013815
                    176,                0.67636,                  1.245,                0.80293,                0.81678,                 1.2554,                0.85145,                      1,                0.49019,                0.74566,                0.64633,                0.95137,                 1.2833,                 1.1081,                 1.1871,                 1.3127,                 1.1838,              0.0013798,              0.0013798,              0.0013798
                    177,                 1.0455,                 1.2113,                 1.1391,                 1.2846,                 1.8406,                 1.2144,                      1,                0.49019,                0.74566,                0.64633,                0.95137,                 1.2833,                 1.1081,                 1.1871,                 1.3127,                 1.1838,              0.0013782,              0.0013782,              0.0013782
                    178,                 1.2759,                  1.258,                 1.2335,                 1.8334,                 2.1019,                 1.3946,                      1,                0.47688,                0.58078,                0.52684,                0.87704,                  1.192,                 1.1007,                 1.1196,                 1.6747,                 1.1246,              0.0013765,              0.0013765,              0.0013765
                    179,                0.98044,                  1.143,                 1.1486,                 1.2607,                 1.3528,                 1.1994,                0.89601,                    0.5,                0.56025,                0.51041,                0.91148,                 1.1174,                 1.1399,                 1.0669,                 1.9607,                 1.1015,              0.0013749,              0.0013749,              0.0013749
                    180,                 1.2848,                 1.5283,                 1.3714,                 1.5207,                 1.9507,                 1.2374,                0.99049,                    0.5,                0.58101,                0.48139,                0.96055,                  1.251,                 1.1979,                 1.4483,                 1.9826,                 1.2367,              0.0013732,              0.0013732,              0.0013732
                    181,                 1.2093,                 1.5638,                 1.2773,                 1.4543,                 1.9537,                 1.2726,                0.99049,                    0.5,                0.58101,                0.48139,                0.96055,                  1.251,                 1.1979,                 1.4483,                 1.9826,                 1.2367,              0.0013716,              0.0013716,              0.0013716
                    182,                  1.154,                 1.3951,                 1.3006,                 1.4554,                  2.024,                  1.196,                      1,                0.46787,                0.74927,                0.63527,                0.88009,                0.94603,                 1.1035,                 1.1538,                 1.5697,                 1.0693,              0.0013699,              0.0013699,              0.0013699
                    183,                 1.2243,                 1.2735,                 1.1383,                 1.7068,                 1.8302,                  1.212,                0.98984,                    0.5,                0.74615,                0.65499,                0.83177,                0.95333,                 1.0031,                 1.1211,                 1.4624,                 1.0673,              0.0013683,              0.0013683,              0.0013683
                    184,                  1.104,                 1.1656,                 1.1377,                 1.3855,                 1.5967,                 1.1897,                      1,                0.47763,                0.74618,                 0.6741,                0.83919,                 1.0888,                0.95757,                 1.0735,                 1.2827,                 1.0835,              0.0013666,              0.0013666,              0.0013666
                    185,                 1.0878,                 1.1661,                 1.0918,                 1.4285,                 1.7143,                 1.1122,                      1,                0.47763,                0.74618,                 0.6741,                0.83919,                 1.0888,                0.95757,                 1.0735,                 1.2827,                 1.0835,               0.001365,               0.001365,               0.001365
                    186,                 1.0344,                0.96911,                 1.0779,                 1.3401,                  1.475,                 1.0706,                      1,                0.47317,                0.74629,                0.67769,                0.83797,                 1.2457,                0.95946,                  1.057,                  1.234,                 1.0943,              0.0013633,              0.0013633,              0.0013633
                    187,                 1.1914,                 1.2295,                 1.1877,                 1.4452,                 1.6781,                 1.1993,                0.97322,                    0.5,                0.62235,                0.59939,                0.80194,                 1.3889,                 0.9643,                 1.1084,                 1.2331,                 1.1058,              0.0013617,              0.0013617,              0.0013617
                    188,                 1.0562,                  1.249,                  1.221,                 1.3623,                 1.7164,                 1.2581,                0.98182,                    0.5,                0.58097,                0.55107,                0.79518,                 1.3832,                 0.9903,                 1.1775,                 1.5216,                 1.1608,                0.00136,                0.00136,                0.00136
                    189,                 1.1155,                 1.0183,                 1.1899,                 1.2703,                 1.5584,                  1.174,                0.98182,                    0.5,                0.58097,                0.55107,                0.79518,                 1.3832,                 0.9903,                 1.1775,                 1.5216,                 1.1608,              0.0013584,              0.0013584,              0.0013584
                    190,                 1.0665,                  1.166,                  1.122,                 1.3399,                 1.6098,                 1.2388,                 0.9863,                    0.5,                 0.5602,                0.47821,                0.82463,                 1.6048,                   1.01,                 1.3176,                 1.5451,                 1.2281,              0.0013567,              0.0013567,              0.0013567
                    191,                 1.0556,                  1.217,                 1.0583,                 1.3285,                 1.5011,                 1.0237,                0.98823,                    0.5,                0.51725,                0.45879,                0.86017,                 1.5873,                 1.0392,                 1.3809,                 1.7644,                 1.2858,              0.0013551,              0.0013551,              0.0013551
                    192,                  1.246,                 1.0911,                 1.2937,                 1.5809,                 1.4811,                 1.2951,                      1,                0.49463,                 0.5004,                0.45197,                 0.8642,                 1.9941,                 1.0706,                 1.4675,                  2.103,                 1.2024,              0.0013534,              0.0013534,              0.0013534
                    193,                0.94066,                 1.0103,                  1.093,                 1.4669,                 1.5787,                 1.1973,                      1,                0.49463,                 0.5004,                0.45197,                 0.8642,                 1.9941,                 1.0706,                 1.4675,                  2.103,                 1.2024,              0.0013518,              0.0013518,              0.0013518
                    194,                 1.2385,                 1.2819,                 1.2162,                 1.6238,                  1.791,                 1.2321,                      1,                0.48644,                 0.4975,                 0.4181,                0.89029,                 2.6013,                 1.1266,                 1.5264,                 2.3821,                 1.3095,              0.0013501,              0.0013501,              0.0013501
                    195,                 1.2229,                 1.5192,                  1.238,                 1.4849,                 1.9644,                 1.2235,                      1,                0.48409,                 0.4975,                0.42801,                0.80584,                 2.5852,                 1.0958,                 1.4178,                 2.4263,                 1.2776,              0.0013485,              0.0013485,              0.0013485
                    196,                 1.1877,                 1.3742,                 1.2165,                 1.6998,                  2.005,                 1.2154,                 0.8109,                    0.5,                0.41674,                 0.3518,                0.70733,                 2.2762,                  1.021,                 1.3343,                 2.3468,                 1.1996,              0.0013468,              0.0013468,              0.0013468
                    197,                0.94945,                0.99807,                 1.0748,                 1.3291,                 1.3802,                  1.107,                 0.8109,                    0.5,                0.41674,                 0.3518,                0.70733,                 2.2762,                  1.021,                 1.3343,                 2.3468,                 1.1996,              0.0013452,              0.0013452,              0.0013452
                    198,                 1.2029,                 1.0071,                 1.0673,                 1.6609,                 1.6114,                 1.1402,                0.97717,                   0.25,                0.40868,                0.32154,                0.65155,                 1.9531,                0.99814,                 1.2932,                 2.2273,                 1.2205,              0.0013435,              0.0013435,              0.0013435
                    199,                 1.1759,                 1.0342,                 1.0579,                 1.4186,                 1.4492,                 1.0608,                 0.5801,                   0.75,                0.62076,                0.43285,                0.67642,                 1.2071,                0.98724,                 1.2959,                 1.6764,                 1.2699,              0.0013419,              0.0013419,              0.0013419
                    200,                 1.0264,                 1.0204,                 1.1216,                 1.3382,                 1.4386,                 1.1003,                0.34329,                   0.75,                0.66236,                0.48318,                0.69443,                0.93686,                0.97886,                 1.2553,                 1.2422,                 1.3629,              0.0013402,              0.0013402,              0.0013402
                    201,                 1.2253,                 1.1448,                 1.1799,                 1.6247,                 1.5743,                 1.1582,                0.34329,                   0.75,                0.66236,                0.48318,                0.69443,                0.93686,                0.97886,                 1.2553,                 1.2422,                 1.3629,              0.0013386,              0.0013386,              0.0013386
                    202,                 1.0148,                 1.1355,                 1.2249,                 1.3326,                 1.7067,                 1.2488,                0.45034,                   0.75,                0.66237,                0.58058,                0.75122,                0.88889,                 1.0048,                  1.234,                 1.1531,                 1.3564,              0.0013369,              0.0013369,              0.0013369
                    203,                  1.134,                 1.1912,                 1.1541,                 1.4862,                 1.9074,                 1.1487,                0.43759,                   0.75,                0.74565,                0.63994,                0.86564,                 1.0585,                 1.0534,                 1.2276,                 1.1808,                 1.3493,              0.0013353,              0.0013353,              0.0013353
                    204,                 1.2858,                 1.5075,                 1.3815,                 1.7574,                 2.0971,                 1.3543,                0.38102,                   0.75,                 0.7456,                0.66688,                0.93074,                 1.1092,                 1.0544,                 1.2632,                 1.3394,                 1.4074,              0.0013336,              0.0013336,              0.0013336
                    205,                0.92702,                0.93169,                 1.0017,                 1.5012,                 1.2494,                 1.0418,                0.38102,                   0.75,                 0.7456,                0.66688,                0.93074,                 1.1092,                 1.0544,                 1.2632,                 1.3394,                 1.4074,               0.001332,               0.001332,               0.001332
                    206,                 1.2673,                 1.9396,                 1.2557,                 1.2967,                  1.879,                 1.0885,                0.41778,                   0.75,                0.75377,                0.63179,                0.82218,                  1.232,                0.97586,                 1.2758,                 1.5842,                 1.2972,              0.0013303,              0.0013303,              0.0013303
                    207,                 1.0326,                 1.0442,                 1.1095,                 1.4098,                 1.4587,                 1.1186,                0.50153,                   0.75,                0.76167,                0.63636,                0.75314,                 1.3899,                0.92527,                 1.2974,                  1.388,                 1.1731,              0.0013287,              0.0013287,              0.0013287
                    208,                 1.2884,                 1.1916,                 1.3365,                 1.5706,                 1.5909,                 1.2196,                0.51931,                   0.75,                0.76674,                0.66089,                0.75487,                 1.5983,                0.94241,                 1.1953,                 1.3541,                 1.1413,               0.001327,               0.001327,               0.001327
                    209,                0.85837,                 1.0211,                 1.0191,                 1.2019,                 1.2994,                 1.1137,                0.51931,                   0.75,                0.76674,                0.66089,                0.75487,                 1.5983,                0.94241,                 1.1953,                 1.3541,                 1.1413,              0.0013254,              0.0013254,              0.0013254
                    210,                 1.2653,                 1.1405,                  1.195,                 1.6882,                 1.9173,                 1.2324,                0.56407,                   0.75,                0.77278,                0.66648,                 0.7494,                 1.6897,                0.94894,                  1.163,                  1.313,                 1.1319,              0.0013237,              0.0013237,              0.0013237
                    211,                0.97895,                 1.0161,                 1.0472,                 1.2817,                 1.3065,                 1.0199,                 0.6791,                   0.75,                0.78667,                0.67523,                 0.7296,                 1.6434,                 0.9413,                 1.3131,                 1.2248,                 1.1594,              0.0013221,              0.0013221,              0.0013221
                    212,                 1.0484,                 1.0145,                  1.124,                 1.5191,                 1.5726,                 1.1106,                0.60777,                   0.75,                  0.795,                0.68214,                0.73332,                 1.5649,                0.94384,                 1.1562,                 1.6804,                 1.0076,              0.0013204,              0.0013204,              0.0013204
                    213,                0.91625,                0.97137,                 1.0193,                 1.3568,                 1.4466,                 1.0389,                0.60777,                   0.75,                  0.795,                0.68214,                0.73332,                 1.5649,                0.94384,                 1.1562,                 1.6804,                 1.0076,              0.0013188,              0.0013188,              0.0013188
                    214,                 1.1268,                 1.1442,                 1.1967,                  1.428,                 1.6864,                 1.1481,                0.50146,                   0.75,                0.78667,                0.68114,                0.78167,                   1.55,                0.95941,                 1.2055,                 1.6776,                 1.0176,              0.0013171,              0.0013171,              0.0013171
                    215,                0.99358,                 1.0952,                 1.1792,                 1.2683,                 1.6488,                 1.1861,                0.56019,                   0.75,                0.78667,                0.65578,                0.84134,                 1.3865,                 0.9925,                 1.2374,                 1.5532,                 1.0217,              0.0013155,              0.0013155,              0.0013155
                    216,                 1.6622,                 1.9452,                  1.126,                 1.3881,                 1.4446,                 1.0439,                 0.4192,                   0.75,                0.78667,                0.63934,                0.84947,                 1.3777,                 1.0199,                 1.2738,                 1.5313,                 1.0486,              0.0013138,              0.0013138,              0.0013138
                    217,                  1.584,                 2.2968,                 1.0157,                 1.8205,                 1.4042,                 1.0613,                 0.4192,                   0.75,                0.78667,                0.63934,                0.84947,                 1.3777,                 1.0199,                 1.2738,                 1.5313,                 1.0486,              0.0013122,              0.0013122,              0.0013122
                    218,                 1.4657,                 2.1318,                 1.2812,                 1.6442,                 1.8909,                 1.2486,                0.63853,                   0.75,                  0.795,                0.62192,                 0.7997,                 1.2923,                 1.0162,                 1.2047,                 1.4995,                 1.0378,              0.0013105,              0.0013105,              0.0013105
                    219,                0.99227,                0.89231,                 1.1418,                 1.1655,                 1.4045,                 1.1519,                0.66655,                   0.75,                0.77625,                 0.6301,                0.72028,                 1.1525,                0.99126,                 1.1042,                 1.4045,                 1.0264,              0.0013089,              0.0013089,              0.0013089
                    220,                 1.2644,                 2.3199,                 0.8991,                 1.7158,                 1.3356,                0.90861,                0.55406,                   0.75,                0.77278,                0.63647,                0.68988,                0.95207,                0.97489,                 1.0821,                 1.2927,                 1.0207,              0.0013072,              0.0013072,              0.0013072
                    221,                0.84501,                 0.9799,                 1.0309,                 1.3831,                 1.3433,                 1.0617,                0.55406,                   0.75,                0.77278,                0.63647,                0.68988,                0.95207,                0.97489,                 1.0821,                 1.2927,                 1.0207,              0.0013056,              0.0013056,              0.0013056
                    222,                 1.2384,                 1.3584,                 1.2619,                 1.5394,                  1.876,                 1.2711,                 0.5186,                   0.75,                0.76583,                0.62918,                0.72313,                0.86696,                0.97909,                 1.0517,                 1.4015,                 1.0014,              0.0013039,              0.0013039,              0.0013039
                    223,                 1.0526,                 1.0009,                 1.0901,                  1.505,                 1.4123,                 1.1678,                0.66144,                   0.75,                0.76674,                0.62971,                0.78108,                0.74753,                 1.0139,                 1.0209,                 1.3512,                0.98338,              0.0013023,              0.0013023,              0.0013023
                    224,                 1.1166,                 1.0324,                 1.1503,                  1.389,                 1.4212,                 1.0857,                0.66211,                   0.75,                0.77132,                0.65162,                0.80948,                0.66042,                 1.0414,                 0.9641,                 1.3732,                0.95169,              0.0013006,              0.0013006,              0.0013006
                    225,                0.96727,                0.90034,                  1.059,                 1.2598,                 1.3265,                 1.0694,                0.66211,                   0.75,                0.77132,                0.65162,                0.80948,                0.66042,                 1.0414,                 0.9641,                 1.3732,                0.95169,               0.001299,               0.001299,               0.001299
                    226,                0.74004,                0.95028,                 1.0142,                 1.0629,                 1.2285,                 1.0768,                0.58906,                   0.75,                0.77833,                0.64891,                0.85968,                0.70719,                 1.0213,                0.92175,                 1.3744,                0.90694,              0.0012973,              0.0012973,              0.0012973
                    227,                0.97358,                0.88768,                 1.0829,                 1.1791,                 1.4174,                 1.1022,                0.52629,                   0.75,                0.78346,                0.61333,                0.90995,                0.78771,                 1.0229,                 1.0823,                 1.3571,                0.97981,              0.0012957,              0.0012957,              0.0012957
                    228,                 1.1706,                 1.0235,                 1.1369,                 1.3071,                 1.4282,                 1.1031,                0.48119,                   0.75,                0.78667,                0.61365,                0.88573,                0.76943,                  1.019,                 1.0743,                 1.3528,                0.96786,               0.001294,               0.001294,               0.001294
                    229,                 1.0895,                 1.0885,                 1.1448,                 1.5955,                 1.5348,                 1.2507,                0.48119,                   0.75,                0.78667,                0.61365,                0.88573,                0.76943,                  1.019,                 1.0743,                 1.3528,                0.96786,              0.0012924,              0.0012924,              0.0012924
                    230,                0.91699,                0.95911,                  1.121,                 1.1208,                 1.5375,                 1.0932,                0.46471,                   0.75,                 0.8075,                0.61951,                0.85452,                0.72335,                 0.9956,                 1.0804,                 1.3817,                0.97172,              0.0012907,              0.0012907,              0.0012907
                    231,                0.89102,                0.91761,                 1.1057,                 1.1882,                 1.3137,                  1.124,                0.38691,                   0.75,                0.65458,                 0.5309,                0.89587,                0.86795,                 1.0245,                 1.1905,                  1.486,                 1.0771,              0.0012891,              0.0012891,              0.0012891
                    232,                 1.1327,                 1.1627,                 1.1997,                 1.4351,                 1.4602,                 1.2762,                0.31231,                   0.75,                0.46299,                0.42599,                0.88943,                 1.8583,                 1.0562,                 1.2613,                 2.3193,                 1.2873,              0.0012874,              0.0012874,              0.0012874
                    233,                 1.2573,                 1.2485,                 1.0591,                 1.4919,                 1.5297,                 1.1945,                0.31231,                   0.75,                0.46299,                0.42599,                0.88943,                 1.8583,                 1.0562,                 1.2613,                 2.3193,                 1.2873,              0.0012858,              0.0012858,              0.0012858
                    234,                 1.1303,                0.98311,                 1.0855,                 1.2334,                 1.4084,                 1.1106,                0.29723,                   0.75,                0.45484,                0.42217,                0.91394,                 2.4036,                 1.0785,                 1.2009,                 2.4823,                 1.2291,              0.0012841,              0.0012841,              0.0012841
                    235,                 0.9642,                0.93676,                 1.1376,                 1.3161,                 1.2312,                 1.1835,                0.35751,                   0.75,                0.49527,                 0.4264,                0.84461,                 0.9978,                 1.0362,                  1.283,                 1.5794,                   1.31,              0.0012825,              0.0012825,              0.0012825
                    236,                0.92288,                 1.0252,                 1.0782,                 1.3541,                 1.4373,                 1.1788,                0.38419,                   0.75,                0.52608,                0.43418,                0.87951,                0.83862,                 1.0749,                 1.3496,                 1.4334,                 1.3862,              0.0012808,              0.0012808,              0.0012808
                    237,                0.94361,                0.96956,                 1.0445,                 1.2982,                 1.2337,                 1.0423,                0.38419,                   0.75,                0.52608,                0.43418,                0.87951,                0.83862,                 1.0749,                 1.3496,                 1.4334,                 1.3862,              0.0012792,              0.0012792,              0.0012792
                    238,                 0.9319,                0.91012,                 1.0215,                 1.2926,                 1.1519,                 1.0449,                0.47096,                0.73187,                0.56569,                0.45816,                0.94732,                0.85376,                 1.1832,                  1.371,                  1.338,                  1.165,              0.0012775,              0.0012775,              0.0012775
                    239,                0.93018,                 1.0392,                  1.097,                 1.3382,                 1.3667,                 1.1795,                0.41301,                0.71336,                0.62987,                0.52868,                0.92863,                0.88166,                 1.1958,                 1.3594,                 1.4482,                  1.194,              0.0012759,              0.0012759,              0.0012759
                    240,                 1.0874,                 1.0401,                 1.1545,                 1.4102,                 1.4542,                 1.1307,                0.99571,                    0.5,                0.62203,                0.52717,                  0.937,                0.81932,                 1.1948,                 1.3841,                 1.3573,                 1.3057,              0.0012742,              0.0012742,              0.0012742
                    241,                 1.1435,                0.98296,                 1.1526,                 1.3921,                 1.2373,                 1.2102,                0.99571,                    0.5,                0.62203,                0.52717,                  0.937,                0.81932,                 1.1948,                 1.3841,                 1.3573,                 1.3057,              0.0012726,              0.0012726,              0.0012726
                    242,                 1.2514,                 1.1442,                 1.3342,                 1.6037,                 1.3213,                 1.2467,                0.98943,                    0.5,                0.62216,                 0.5252,                0.92384,                0.88301,                 1.2199,                 1.3248,                 1.5629,                 1.3221,              0.0012709,              0.0012709,              0.0012709
                    243,                0.94461,                 1.0015,                 1.1604,                 1.6494,                  1.436,                 1.5023,                0.98585,                    0.5,                0.58102,                 0.4859,                0.94842,                 1.1494,                 1.2428,                 1.0201,                 1.3104,                 1.2762,              0.0012693,              0.0012693,              0.0012693
                    244,                0.99333,                0.92996,                    1.1,                 1.2931,                 1.1395,                 1.1594,                0.98371,                    0.5,                 0.5399,                0.44957,                0.91096,                 1.2949,                 1.1932,                 1.1102,                 1.5356,                 1.3219,              0.0012676,              0.0012676,              0.0012676
                    245,                0.92836,                0.93768,                  1.058,                 1.1489,                 1.2982,                 1.0731,                0.98371,                    0.5,                 0.5399,                0.44957,                0.91096,                 1.2949,                 1.1932,                 1.1102,                 1.5356,                 1.3219,               0.001266,               0.001266,               0.001266
                    246,                0.94426,                0.83186,                0.99952,                 1.2104,                 1.3028,                 1.0636,                0.97895,                    0.5,                0.54829,                0.47087,                0.91759,                 1.2761,                 1.1745,                 1.2483,                 1.4587,                 1.4936,              0.0012643,              0.0012643,              0.0012643
                    247,                0.82393,                0.73413,                0.99145,                 1.2188,                 1.0115,                 1.0018,                0.97125,                    0.5,                0.53445,                0.48987,                0.89634,                 1.3543,                 1.1476,                  1.087,                 1.5348,                 1.4877,              0.0012627,              0.0012627,              0.0012627
                    248,                0.95347,                0.88149,                 1.0466,                 1.6509,                 1.3943,                 1.1235,                0.95137,                    0.5,                 0.5272,                 0.4368,                0.87996,                 1.5361,                 1.1435,                0.89215,                 1.8842,                 1.3198,               0.001261,               0.001261,               0.001261
                    249,                 1.2036,                 1.4302,                 1.2884,                 1.4398,                 1.8057,                 1.2577,                0.95137,                    0.5,                 0.5272,                 0.4368,                0.87996,                 1.5361,                 1.1435,                0.89215,                 1.8842,                 1.3198,              0.0012594,              0.0012594,              0.0012594
                    250,                0.99188,                0.83859,                 1.0203,                  1.614,                 1.3386,                 1.0183,                0.98862,                    0.5,                0.50803,                0.43573,                0.85725,                 1.8894,                 1.1635,                   1.37,                 2.2274,                 1.4776,              0.0012577,              0.0012577,              0.0012577
                    251,                0.93545,                0.95328,                0.97417,                 1.3639,                 1.2588,                 1.0477,                0.99189,                    0.5,                0.50291,                0.44923,                0.84134,                 2.0368,                 1.1381,                  1.207,                 2.1632,                 1.5346,              0.0012561,              0.0012561,              0.0012561
                    252,                0.96665,                 1.0423,                 1.1592,                 1.2011,                 1.3245,                 1.1217,                0.98833,                    0.5,                0.50181,                0.44892,                0.88037,                 2.2386,                  1.116,                 1.1916,                 2.2619,                 1.3461,              0.0012544,              0.0012544,              0.0012544
                    253,                0.92102,                0.78973,                  1.032,                 1.3759,                 1.1884,                 1.0872,                0.98833,                    0.5,                0.50181,                0.44892,                0.88037,                 2.2386,                  1.116,                 1.1916,                 2.2619,                 1.3461,              0.0012528,              0.0012528,              0.0012528
                    254,                 1.1639,                 1.0635,                 1.1592,                 1.3914,                  1.549,                 1.1552,                0.98911,                    0.5,                  0.501,                0.42387,                0.86205,                  2.433,                 1.0905,                 1.3156,                 2.0774,                  1.184,              0.0012511,              0.0012511,              0.0012511
                    255,                 1.0827,                  1.149,                 1.2254,                 1.3519,                 1.6872,                 1.2271,                0.98912,                    0.5,                0.50089,                0.45005,                0.96251,                 2.3533,                  1.105,                 1.3444,                 1.9465,                  1.148,              0.0012495,              0.0012495,              0.0012495
                    256,                0.90594,                0.92734,                 1.1197,                 1.2075,                 1.3478,                 1.1519,                0.98921,                    0.5,                 0.5007,                0.44931,                0.91323,                 2.3097,                 1.0909,                 1.3216,                 1.9442,                 1.1554,              0.0012478,              0.0012478,              0.0012478
                    257,                0.96281,                 1.0013,                 1.1701,                 1.4053,                  1.612,                 1.2256,                0.98921,                    0.5,                 0.5007,                0.44931,                0.91323,                 2.3097,                 1.0909,                 1.3216,                 1.9442,                 1.1554,              0.0012462,              0.0012462,              0.0012462
                    258,                 1.1015,                0.92719,                 1.0334,                  1.411,                 1.3674,                 1.0273,                0.98981,                    0.5,                0.50075,                0.44931,                0.91776,                 2.1019,                 1.1112,                 1.3651,                 1.6572,                 1.4154,              0.0012445,              0.0012445,              0.0012445
                    259,                0.81767,                0.76004,                 1.0808,                 1.2014,                 1.0112,                 1.1001,                0.99506,                    0.5,                0.50171,                 0.4627,                0.90318,                  1.798,                 1.1118,                 1.3061,                 1.6441,                 1.4757,              0.0012429,              0.0012429,              0.0012429
                    260,                0.61853,                  1.943,                0.67757,                0.97065,                 1.1976,                0.68798,                      1,                0.48423,                0.50208,                0.46263,                0.93716,                 2.1052,                 1.1487,                 1.2992,                 1.8161,                 1.4804,              0.0012412,              0.0012412,              0.0012412
                    261,                0.89471,                0.86983,                 1.0531,                 1.2935,                 1.3081,                 1.1711,                      1,                0.48423,                0.50208,                0.46263,                0.93716,                 2.1052,                 1.1487,                 1.2992,                 1.8161,                 1.4804,              0.0012396,              0.0012396,              0.0012396
                    262,                0.84092,                0.86225,                 1.0013,                 1.1448,                  1.356,                 1.0578,                0.80773,                 0.4232,                0.41417,                0.38106,                0.92164,                 3.2559,                  1.296,                 1.3223,                 2.5374,                 1.2624,              0.0012379,              0.0012379,              0.0012379
                    263,                 1.2244,                0.99083,                 1.2269,                 1.5237,                 1.4387,                 1.3517,                0.72629,                   0.25,                0.17931,                 0.1598,                 0.9899,                 3.6489,                 1.4158,                 1.1913,                  3.122,                 1.7046,              0.0012363,              0.0012363,              0.0012363
                    264,                 1.1636,                 1.0903,                 1.5864,                 1.3259,                 1.4477,                 1.3875,                0.71157,                   0.25,                0.17375,                0.15182,                 1.0071,                 3.5649,                 1.3638,                 1.3757,                 3.1325,                 1.5994,              0.0012346,              0.0012346,              0.0012346
                    265,                0.66016,                 1.2733,                0.72699,                0.92816,                  1.088,                0.75775,                0.71157,                   0.25,                0.17375,                0.15182,                 1.0071,                 3.5649,                 1.3638,                 1.3757,                 3.1325,                 1.5994,               0.001233,               0.001233,               0.001233
                    266,                 1.0284,                 1.0695,                 1.1319,                 1.3064,                 1.5858,                 1.1072,                0.90143,                   0.25,                0.30306,                0.26775,                 0.9817,                 3.2198,                 1.3133,                 1.3887,                 3.0026,                 1.8329,              0.0012313,              0.0012313,              0.0012313
                    267,                 1.4826,                  1.528,                 1.0499,                 1.7312,                 1.3466,                 1.0784,                0.95601,                   0.25,                 0.3475,                0.31275,                 1.0171,                 2.7098,                 1.2324,                  1.399,                 2.6782,                 1.7546,              0.0012297,              0.0012297,              0.0012297
                    268,                0.88804,                0.88072,                0.97009,                 1.5157,                 1.2055,                 1.0358,                0.98317,                    0.5,                 0.4975,                0.44775,                 1.0089,                 2.0445,                 1.2168,                 1.4573,                 2.2107,                 1.3721,               0.001228,               0.001228,               0.001228
                    269,                 1.0823,                0.96335,                 1.1654,                 1.4948,                 1.6223,                 1.2094,                0.98317,                    0.5,                 0.4975,                0.44775,                 1.0089,                 2.0445,                 1.2168,                 1.4573,                 2.2107,                 1.3721,              0.0012264,              0.0012264,              0.0012264
                    270,                 1.1706,                0.95413,                 1.0847,                 1.4219,                 1.4026,                 1.1057,                0.98259,                    0.5,                0.51323,                0.45432,                 1.0288,                 1.9485,                 1.2329,                0.99889,                 2.7142,                 1.2227,              0.0012247,              0.0012247,              0.0012247
                    271,                 1.0955,                0.85346,                 1.0782,                 1.3603,                 1.1608,                 1.0355,                0.98536,                    0.5,                0.51517,                0.45485,                 1.0048,                 1.7678,                 1.2398,                0.97293,                 2.7811,                 1.1724,              0.0012231,              0.0012231,              0.0012231
                    272,                 1.0978,                 1.0186,                 1.0085,                 1.3119,                 1.1337,                 1.0013,                0.99038,                    0.5,                0.51831,                0.46824,                 1.0546,                 1.7316,                 1.2547,                0.95406,                 2.6798,                 1.1648,              0.0012214,              0.0012214,              0.0012214
                    273,                0.72645,                 0.8155,                 1.0199,                0.96472,                 1.1539,                 1.0613,                0.99038,                    0.5,                0.51831,                0.46824,                 1.0546,                 1.7316,                 1.2547,                0.95406,                 2.6798,                 1.1648,              0.0012198,              0.0012198,              0.0012198
                    274,                0.97341,                0.78528,                 1.0402,                 1.3481,                0.92777,                 1.0473,                0.99864,                    0.5,                0.74668,                0.45505,                 1.0872,                 1.7487,                 1.2658,                0.98597,                 2.5228,                 1.2272,              0.0012181,              0.0012181,              0.0012181
                    275,                0.91046,                0.77603,                 1.0812,                 1.0255,                 1.2891,                 1.1043,                      1,                0.49261,                0.74663,                0.45967,                 1.1402,                 1.6833,                 1.2668,                 1.1728,                 2.4779,                 1.2269,              0.0012165,              0.0012165,              0.0012165
                    276,                0.88495,                0.99835,                  1.091,                 1.3343,                 1.3755,                 1.0919,                      1,                0.49546,                 0.7468,                0.44366,                 1.1194,                 1.6934,                 1.2466,                 1.2035,                 2.4151,                 1.3076,              0.0012148,              0.0012148,              0.0012148
                    277,                 1.2059,                0.91233,                 1.2293,                 1.4204,                 1.2443,                 1.1316,                      1,                0.49546,                 0.7468,                0.44366,                 1.1194,                 1.6934,                 1.2466,                 1.2035,                 2.4151,                 1.3076,              0.0012132,              0.0012132,              0.0012132
                    278,                0.95755,                0.84219,                 1.0516,                 1.2216,                 1.0516,                  1.016,                0.99914,                    0.5,                0.62284,                0.42691,                  1.066,                 1.6804,                 1.2119,                  1.465,                 2.3572,                 1.3758,              0.0012115,              0.0012115,              0.0012115
                    279,                0.82592,                 0.8016,                0.99552,                  1.323,                 1.0068,                 1.0461,                0.98007,                    0.5,                0.56069,                0.43204,                0.99528,                  1.502,                 1.1817,                 1.4852,                 2.3543,                 1.4052,              0.0012099,              0.0012099,              0.0012099
                    280,                 0.8735,                 1.0085,                0.97826,                 1.2217,                  1.358,                0.96443,                      1,                0.47536,                0.74614,                0.47633,                0.94136,                 1.3291,                 1.1532,                 1.4926,                 2.2576,                 1.4346,              0.0012082,              0.0012082,              0.0012082
                    281,                0.99738,                 0.9252,                 1.1538,                 1.3205,                 1.1637,                 1.2065,                      1,                0.47536,                0.74614,                0.47633,                0.94136,                 1.3291,                 1.1532,                 1.4926,                 2.2576,                 1.4346,              0.0012066,              0.0012066,              0.0012066
                    282,                  1.197,                0.84617,                 1.4388,                 1.2692,                  1.141,                 1.0575,                      1,                0.48011,                0.74605,                0.50523,                0.98331,                 1.1783,                 1.3218,                 1.4436,                 2.1622,                  1.314,              0.0012049,              0.0012049,              0.0012049
                    283,                 1.0516,                0.84268,                 1.2103,                 1.2241,                  1.085,                 1.2128,                      1,                0.49328,                0.74589,                0.52011,                 1.0014,                 1.1728,                 1.3918,                 1.4446,                 2.0836,                 1.2361,              0.0012033,              0.0012033,              0.0012033
                    284,                0.94609,                 1.1528,                 1.1028,                 1.1823,                 1.5082,                 1.1002,                0.99115,                    0.5,                0.74583,                0.55739,                 1.0119,                 1.2882,                 1.4586,                 1.1017,                 2.1506,                 1.1019,              0.0012016,              0.0012016,              0.0012016
                    285,                0.89425,                0.84332,                0.98772,                 1.2094,                 1.1272,                0.99336,                0.99115,                    0.5,                0.74583,                0.55739,                 1.0119,                 1.2882,                 1.4586,                 1.1017,                 2.1506,                 1.1019,                 0.0012,                 0.0012,                 0.0012
                    286,                0.93095,                0.86269,                 1.1059,                  1.233,                 1.1768,                 1.1744,                0.97979,                    0.5,                0.74581,                0.56326,                0.96958,                 1.2471,                 1.3986,                 1.0289,                 2.1825,                 1.0753,              0.0011983,              0.0011983,              0.0011983
                    287,                0.80771,                0.82929,                 1.0795,                 1.0409,                 1.1054,                 1.1017,                0.97878,                    0.5,                0.74581,                0.55099,                0.94224,                 1.1774,                  1.303,                0.98146,                 2.1903,                 1.0702,              0.0011967,              0.0011967,              0.0011967
                    288,                0.95897,                0.82034,                  1.097,                 1.0867,                 1.0514,                 1.1222,                0.98168,                    0.5,                0.74583,                0.55082,                 1.0029,                   1.09,                  1.442,                 1.5859,                 1.4225,                 2.0615,               0.001195,               0.001195,               0.001195
                    289,                0.97541,                 1.0075,                 1.1828,                 1.1849,                 1.3282,                 1.0187,                0.98168,                    0.5,                0.74583,                0.55082,                 1.0029,                   1.09,                  1.442,                 1.5859,                 1.4225,                 2.0615,              0.0011934,              0.0011934,              0.0011934
                    290,                 1.0114,                 1.0054,                 1.0719,                 1.4893,                 1.3506,                 1.0712,                0.71207,                   0.75,                0.74583,                0.54797,                 1.0346,                 1.0152,                 1.5476,                 1.5726,                 1.5302,                 2.1168,              0.0011917,              0.0011917,              0.0011917
                    291,                0.83019,                0.75985,                0.97537,                 1.3098,                 1.1422,                0.97795,                0.67344,                   0.75,                0.66244,                0.46626,                 1.0674,                 1.0415,                 1.6172,                  1.642,                 1.6202,                 2.1904,              0.0011901,              0.0011901,              0.0011901
                    292,                0.89268,                 1.0274,                 1.1399,                 1.0369,                  1.486,                 1.1511,                  0.688,                   0.75,                0.66237,                0.48496,                 1.1092,                  1.049,                 1.6305,                 1.4634,                 1.5693,                 2.1698,              0.0011884,              0.0011884,              0.0011884
                    293,                0.86884,                 1.0267,                 1.0839,                 1.1649,                  1.554,                 1.1527,                  0.688,                   0.75,                0.66237,                0.48496,                 1.1092,                  1.049,                 1.6305,                 1.4634,                 1.5693,                 2.1698,              0.0011868,              0.0011868,              0.0011868
                    294,                0.90245,                0.79621,                 1.0793,                 1.2624,                 1.0736,                 1.1034,                0.67081,                   0.75,                0.74566,                0.56636,                  1.029,                0.93117,                 1.4808,                 1.4213,                 1.3195,                  2.226,              0.0011851,              0.0011851,              0.0011851
                    295,                0.94422,                0.92841,                 1.0981,                 1.1713,                 1.2746,                 1.1101,                0.66996,                   0.75,                0.74564,                0.62912,                0.93059,                0.83308,                 1.3357,                  1.374,                0.96839,                 2.4199,              0.0011835,              0.0011835,              0.0011835
                    296,                 1.0402,                 1.0035,                  1.116,                 1.4858,                 1.5736,                 1.1623,                0.67474,                   0.75,                0.74564,                0.63564,                0.84838,                0.81467,                 1.1707,                 1.3338,                0.95147,                 2.3984,              0.0011818,              0.0011818,              0.0011818
                    297,                0.97514,                 1.2838,                 1.0598,                 1.3317,                 1.6534,                 1.1337,                0.67474,                   0.75,                0.74564,                0.63564,                0.84838,                0.81467,                 1.1707,                 1.3338,                0.95147,                 2.3984,              0.0011802,              0.0011802,              0.0011802
                    298,                0.89085,                0.76171,                 1.0282,                 1.3098,                0.95017,                  1.023,                0.50516,                   0.75,                0.74564,                0.63988,                0.75322,                0.74441,                0.99745,                  1.354,                 1.0037,                  2.262,              0.0011785,              0.0011785,              0.0011785
                    299,                 1.1713,                0.89512,                 1.2597,                 1.2269,                 1.3221,                 1.0897,                0.60574,                   0.75,                0.74568,                0.64662,                0.69619,                 0.7059,                0.94845,                 1.3716,                 0.9831,                 1.2143,              0.0011769,              0.0011769,              0.0011769
                    300,                0.87715,                0.85072,                 1.0935,                 1.2814,                 1.3336,                 1.1476,                0.72937,                   0.75,                0.74569,                0.67317,                0.65648,                0.65168,                0.93802,                   1.06,                 1.3218,                 1.0502,              0.0011752,              0.0011752,              0.0011752
                    301,                 1.4695,                 1.4135,                 1.3026,                 1.7788,                 1.6733,                 1.2906,                0.72937,                   0.75,                0.74569,                0.67317,                0.65648,                0.65168,                0.93802,                   1.06,                 1.3218,                 1.0502,              0.0011736,              0.0011736,              0.0011736
                    302,                0.96807,                 1.0079,                 1.0684,                 1.4415,                 1.2336,                 1.1466,                0.67773,                   0.75,                0.66233,                 0.6094,                0.66707,                0.62211,                0.95311,                 0.9767,                  1.377,                 1.0337,              0.0011719,              0.0011719,              0.0011719
                    303,                 1.0735,                 1.0817,                 1.1032,                 1.5638,                 1.3965,                 1.1232,                0.67874,                   0.75,                0.74566,                0.67176,                0.70626,                0.62383,                0.94418,                 1.0606,                 1.2383,                  1.046,              0.0011703,              0.0011703,              0.0011703
                    304,                0.79702,                0.75162,                0.98365,                  1.192,                 1.0916,                 1.0186,                0.67764,                   0.75,                0.74566,                0.64757,                0.70148,                0.59007,                0.92989,                 1.1679,                 1.1832,                  1.077,              0.0011686,              0.0011686,              0.0011686
                    305,                0.82555,                0.73478,                 1.0213,                 1.5022,                 1.1221,                 1.0693,                0.67764,                   0.75,                0.74566,                0.64757,                0.70148,                0.59007,                0.92989,                 1.1679,                 1.1832,                  1.077,               0.001167,               0.001167,               0.001167
                    306,                 1.1042,                  1.311,                  1.297,                 1.3687,                 1.4994,                 1.2637,                0.72598,                   0.75,                 0.7456,                0.64806,                0.70899,                0.57781,                0.95662,                 1.2709,                 1.1328,                 1.1132,              0.0011653,              0.0011653,              0.0011653
                    307,                0.89187,                0.81064,                 1.0456,                0.95648,                 0.9382,                 1.0545,                0.65344,                   0.75,                0.74555,                0.65117,                0.69737,                 0.6949,                0.95936,                 1.2869,                 1.0743,                 1.1307,              0.0011636,              0.0011636,              0.0011636
                    308,                 1.0509,                0.78659,                 1.0727,                 1.4515,                 1.0575,                 1.0981,                0.62553,                   0.75,                0.74555,                0.65387,                0.72106,                0.64684,                 1.0544,                 1.3062,                0.97971,                  1.152,               0.001162,               0.001162,               0.001162
                    309,                 1.5249,                   1.09,                 1.3473,                 1.8818,                 1.4672,                 1.2946,                0.62553,                   0.75,                0.74555,                0.65387,                0.72106,                0.64684,                 1.0544,                 1.3062,                0.97971,                  1.152,              0.0011603,              0.0011603,              0.0011603
                    310,                0.83639,                0.77021,                 1.0108,                 1.1236,                 1.0073,                  1.053,                0.61483,                   0.75,                0.74557,                0.65019,                0.76159,                0.62169,                 1.1288,                 1.3531,                 0.9177,                 1.1731,              0.0011587,              0.0011587,              0.0011587
                    311,                 1.2058,                 1.2053,                  1.238,                   2.15,                 1.3317,                 1.4575,                0.60798,                   0.75,                0.74558,                0.62419,                0.80081,                0.59843,                 1.1363,                 1.3914,                0.90458,                 1.1736,               0.001157,               0.001157,               0.001157
                    312,                0.80463,                0.75062,                0.98698,                  1.165,                 1.1352,                 1.0569,                0.57523,                   0.75,                0.62187,                0.52487,                0.85749,                0.58006,                 1.1625,                 1.4329,                0.80149,                 1.3561,              0.0011554,              0.0011554,              0.0011554
                    313,                0.88633,                0.71925,                  1.027,                 1.2107,                 1.0909,                 1.0657,                0.57523,                   0.75,                0.62187,                0.52487,                0.85749,                0.58006,                 1.1625,                 1.4329,                0.80149,                 1.3561,              0.0011537,              0.0011537,              0.0011537
